name,partner_type,region,icp_overlap,integration_depth,joint_customers,pipeline_sourced,pipeline_influenced,exec_sponsor,certified_people
Northwind Data,isv,NA,0.82,3,31,1450000,1900000,yes,24
Halcyon Cloud,cloud,Global,0.74,3,46,2100000,3200000,yes,40
Brightline Consulting,si,EMEA,0.68,2,18,900000,1600000,yes,35
Quillstack,isv,NA,0.71,2,12,420000,760000,no,8
Meridian Systems,si,APAC,0.55,1,9,310000,540000,yes,14
Tessera Analytics,isv,EMEA,0.63,2,7,180000,620000,no,5
Copperfield Resell,reseller,LATAM,0.41,1,14,260000,150000,no,11
Osprey Labs,isv,NA,0.77,1,3,60000,240000,no,2
Lumen & Vale,agency,NA,0.36,0,5,90000,310000,no,0
Fathom Integrators,si,NA,0.59,2,11,520000,480000,yes,19
Sablewood Tech,reseller,EMEA,0.29,0,2,20000,45000,no,1
Kestrel AI,isv,Global,0.88,2,6,240000,880000,yes,6
